transaction_id,transaction_timestamp,product_id,warehouse,transaction_type,quantity
TRX-00001,2026-08-11T18:14:00,P4001,San Jose,RECEIPT,27
TRX-00002,2026-08-05T01:37:00,P4002,Cartago,RECEIPT,44
TRX-00003,2026-08-11T06:32:00,P1001,Heredia,RECEIPT,23
TRX-00004,2026-08-10T17:28:00,P1001,Heredia,SALE,7
TRX-00005,2026-09-02T17:51:00,P2001,San Jose,RETURN,1
TRX-00006,2026-08-07T23:13:00,P4002,Cartago,SALE,5
TRX-00007,2026-08-16T15:54:00,P1002,Cartago,RECEIPT,16
TRX-00008,2026-09-01T11:29:00,P3003,Heredia,SALE,1
TRX-00009,2026-08-04T16:35:00,P1002,Cartago,ADJUSTMENT,1
TRX-00010,2026-08-25T23:12:00,P5001,Heredia,SALE,6
TRX-00011,2026-09-03T07:18:00,P1002,San Jose,RECEIPT,24
TRX-00012,2026-08-17T13:17:00,P5001,Cartago,RECEIPT,16
TRX-00013,2026-08-17T03:22:00,P4001,San Jose,RETURN,2
TRX-00014,2026-08-27T07:40:00,P4001,San Jose,SALE,2
TRX-00015,2026-08-21T01:24:00,P3002,Cartago,SALE,3
TRX-00016,2026-08-30T13:20:00,P5002,San Jose,SALE,4
TRX-00017,2026-08-18T10:17:00,P1004,San Jose,RETURN,3
TRX-00018,2026-09-07T17:45:00,P1004,Cartago,ADJUSTMENT,4
TRX-00019,2026-09-08T01:58:00,P1004,Heredia,SALE,7
TRX-00020,2026-08-11T20:47:00,P3001,Heredia,RECEIPT,18
TRX-00021,2026-09-08T15:37:00,P3002,Cartago,SALE,7
TRX-00022,2026-08-23T01:31:00,P2002,San Jose,RECEIPT,18
TRX-00023,2026-08-07T20:40:00,P4003,San Jose,RECEIPT,17
TRX-00024,2026-08-17T18:24:00,P4003,Heredia,SALE,2
TRX-00025,2026-08-30T08:46:00,P3001,San Jose,SALE,1
TRX-00026,2026-09-03T03:41:00,P4001,Cartago,RETURN,3
TRX-00027,2026-08-20T16:00:00,P1002,Heredia,SALE,3
TRX-00028,2026-08-22T23:58:00,P5002,San Jose,SALE,3
TRX-00029,2026-08-07T20:23:00,P5001,San Jose,SALE,4
TRX-00030,2026-09-09T12:00:00,P3002,Heredia,ADJUSTMENT,3
TRX-00031,2026-09-09T23:23:00,P2002,Cartago,SALE,2
TRX-00032,2026-09-10T17:05:00,P1004,San Jose,RECEIPT,46
TRX-00033,2026-09-02T18:34:00,P4002,San Jose,SALE,2
TRX-00034,2026-08-12T15:33:00,P1003,Heredia,SALE,3
TRX-00035,2026-09-02T13:46:00,P2003,Heredia,ADJUSTMENT,3
TRX-00036,2026-08-29T23:41:00,P1004,Cartago,SALE,7
TRX-00037,2026-08-06T11:15:00,P3001,San Jose,RETURN,4
TRX-00038,2026-08-26T10:14:00,P1002,San Jose,SALE,4
TRX-00039,2026-08-11T02:04:00,P1002,San Jose,SALE,1
TRX-00040,2026-08-13T05:42:00,P5001,Cartago,SALE,4
TRX-00041,2026-08-11T16:50:00,P1004,Cartago,SALE,8
TRX-00042,2026-08-05T11:42:00,P4003,Cartago,SALE,2
TRX-00043,2026-09-07T04:46:00,P2002,San Jose,SALE,8
TRX-00044,2026-08-03T22:25:00,P4001,Heredia,SALE,2
TRX-00045,2026-08-11T22:12:00,P2002,San Jose,RETURN,1
TRX-00046,2026-08-09T03:17:00,P3002,Cartago,SALE,7
TRX-00047,2026-08-20T05:51:00,P1004,Heredia,RETURN,1
TRX-00048,2026-09-06T00:00:00,P1002,San Jose,RECEIPT,44
TRX-00049,2026-08-08T10:26:00,P5002,Cartago,SALE,4
TRX-00050,2026-09-08T20:03:00,P3001,San Jose,RECEIPT,35
TRX-00051,2026-08-12T15:59:00,P2003,Cartago,RECEIPT,34
TRX-00052,2026-08-07T22:12:00,P2001,Cartago,SALE,8
TRX-00053,2026-09-01T17:34:00,P1004,San Jose,ADJUSTMENT,4
TRX-00054,2026-08-26T06:30:00,P4002,Heredia,SALE,1
TRX-00055,2026-08-03T18:32:00,P5002,San Jose,RETURN,2
TRX-00056,2026-08-04T05:43:00,P5001,San Jose,RECEIPT,48
TRX-00057,2026-08-11T20:37:00,P2003,Heredia,RECEIPT,46
TRX-00058,2026-08-29T09:37:00,P1001,Heredia,SALE,7
TRX-00059,2026-08-10T01:42:00,P3002,Heredia,SALE,5
TRX-00060,2026-08-06T22:42:00,P2002,Heredia,RECEIPT,35
TRX-00061,2026-08-01T17:29:00,P2001,Heredia,SALE,2
TRX-00062,2026-08-24T06:13:00,P3003,Heredia,ADJUSTMENT,-4
TRX-00063,2026-09-07T22:04:00,P2001,San Jose,RECEIPT,32
TRX-00064,2026-09-05T21:34:00,P2002,Heredia,SALE,8
TRX-00065,2026-08-29T19:52:00,P2001,Heredia,SALE,1
TRX-00066,2026-09-10T09:56:00,P2001,San Jose,ADJUSTMENT,-4
TRX-00067,2026-09-02T00:35:00,P2001,San Jose,RECEIPT,16
TRX-00068,2026-08-31T22:21:00,P2001,San Jose,SALE,4
TRX-00069,2026-08-22T21:31:00,P4001,Cartago,SALE,5
TRX-00070,2026-08-05T06:40:00,P5002,Cartago,ADJUSTMENT,-5
TRX-00071,2026-08-15T13:49:00,P5001,San Jose,SALE,1
TRX-00072,2026-09-01T23:28:00,P4001,Heredia,ADJUSTMENT,-3
TRX-00073,2026-08-06T02:04:00,P4002,Heredia,SALE,1
TRX-00074,2026-09-05T22:23:00,P5002,Heredia,RECEIPT,12
TRX-00075,2026-08-03T02:19:00,P3002,Cartago,RECEIPT,18
TRX-00076,2026-09-08T16:22:00,P5002,San Jose,ADJUSTMENT,-5
TRX-00077,2026-08-16T10:49:00,P4001,Heredia,RECEIPT,16
TRX-00078,2026-09-02T07:09:00,P5002,San Jose,RETURN,5
TRX-00079,2026-09-07T22:26:00,P5001,San Jose,RECEIPT,21
TRX-00080,2026-09-03T17:59:00,P1003,Cartago,SALE,6
TRX-00081,2026-08-12T17:10:00,P4003,Heredia,SALE,4
TRX-00082,2026-09-06T23:30:00,P1002,San Jose,SALE,1
TRX-00083,2026-08-16T06:19:00,P1004,San Jose,RETURN,4
TRX-00084,2026-08-18T08:21:00,P1004,Cartago,RECEIPT,22
TRX-00085,2026-08-16T07:41:00,P5001,Heredia,RECEIPT,27
TRX-00086,2026-09-10T09:01:00,P2003,San Jose,SALE,6
TRX-00087,2026-08-26T02:16:00,P5002,San Jose,ADJUSTMENT,-3
TRX-00088,2026-09-01T10:50:00,P1002,Cartago,SALE,6
TRX-00089,2026-08-17T18:57:00,P2003,Heredia,SALE,2
TRX-00090,2026-08-01T09:33:00,P1004,Heredia,SALE,7
TRX-00091,2026-08-16T20:27:00,P4001,San Jose,SALE,4
TRX-00092,2026-08-14T17:42:00,P4001,San Jose,ADJUSTMENT,4
TRX-00093,2026-08-14T12:42:00,P4002,Cartago,ADJUSTMENT,3
TRX-00094,2026-08-24T23:08:00,P2002,San Jose,SALE,5
TRX-00095,2026-08-30T05:47:00,P2003,San Jose,SALE,7
TRX-00096,2026-08-24T17:53:00,P3003,San Jose,SALE,7
TRX-00097,2026-09-03T20:37:00,P2001,Heredia,SALE,7
TRX-00098,2026-08-20T04:43:00,P4001,San Jose,SALE,8
TRX-00099,2026-08-29T10:05:00,P3002,Cartago,SALE,3
TRX-00100,2026-08-05T07:52:00,P3002,San Jose,SALE,6
TRX-00101,2026-08-07T14:01:00,,San Jose,SALE,4
TRX-00102,2026-09-06T14:49:00,P1004,San Jose,ADJUSTMENT,4
TRX-00103,2026-08-31T23:44:00,P3001,Cartago,SALE,4
TRX-00104,2026-08-29T07:44:00,P3001,San Jose,SALE,3
TRX-00105,2026-09-03T13:27:00,P5002,San Jose,SALE,2
TRX-00106,2026-08-21T03:03:00,P1003,Heredia,RETURN,5
TRX-00107,2026-08-20T19:08:00,P1004,Cartago,ADJUSTMENT,-4
TRX-00108,2026-09-10T20:48:00,P4001,Cartago,SALE,6
TRX-00109,2026-08-19T12:53:00,P3003,Heredia,RETURN,5
TRX-00110,2026-08-20T12:16:00,P3001,San Jose,RETURN,4
TRX-00111,2026-08-28T01:15:00,P5001,Cartago,SALE,8
TRX-00112,2026-08-11T08:17:00,P3001,Cartago,RECEIPT,28
TRX-00113,2026-08-07T05:09:00,P2002,San Jose,RETURN,1
TRX-00114,2026-08-04T01:26:00,P2003,Cartago,SALE,4
TRX-00115,2026-08-03T23:13:00,P2002,Cartago,SALE,7
TRX-00116,2026-09-10T16:44:00,P2003,San Jose,ADJUSTMENT,4
TRX-00117,2026-08-17T13:30:00,P5001,San Jose,RETURN,5
TRX-00118,2026-09-06T17:57:00,P2002,Cartago,SALE,7
TRX-00119,2026-08-22T03:14:00,P3002,Cartago,SALE,4
TRX-00120,2026-08-15T16:42:00,P2003,Heredia,SALE,7
TRX-00121,2026-09-06T04:29:00,P4003,San Jose,SALE,3
TRX-00122,2026-08-26T14:36:00,P3003,Heredia,SALE,7
TRX-00123,2026-08-07T02:55:00,P1001,Cartago,RECEIPT,37
TRX-00124,2026-08-15T07:13:00,P1003,Cartago,RECEIPT,34
TRX-00125,2026-08-13T04:48:00,P2002,Cartago,SALE,7
TRX-00126,2026-08-02T03:47:00,P2001,Heredia,RETURN,4
TRX-00127,2026-08-10T21:41:00,P1001,San Jose,ADJUSTMENT,0
TRX-00128,2026-09-02T12:01:00,P4003,San Jose,ADJUSTMENT,-5
TRX-00129,2026-08-07T20:15:00,P1004,San Jose,RETURN,5
TRX-00130,2026-08-21T04:44:00,P3001,Cartago,SALE,4
TRX-00131,2026-09-03T12:52:00,P4003,San Jose,SALE,2
TRX-00132,2026-09-09T23:19:00,P2001,Heredia,RECEIPT,11
TRX-00133,2026-08-18T06:45:00,P4001,San Jose,ADJUSTMENT,1
TRX-00134,2026-08-05T16:44:00,P1002,Cartago,SALE,4
TRX-00135,2026-09-04T07:36:00,P5001,San Jose,SALE,2
TRX-00136,2026-08-04T06:32:00,P2002,Heredia,SALE,6
TRX-00137,2026-09-05T10:31:00,P2002,San Jose,RECEIPT,36
TRX-00138,2026-09-08T08:53:00,P2003,Cartago,ADJUSTMENT,5
TRX-00139,2026-09-01T15:33:00,P4002,Heredia,RECEIPT,21
TRX-00140,2026-08-21T04:27:00,P2001,Heredia,SALE,8
TRX-00141,2026-09-05T18:59:00,P3003,San Jose,SALE,4
TRX-00142,2026-09-02T08:29:00,P2001,Heredia,RETURN,2
TRX-00143,2026-08-02T13:31:00,P3003,Cartago,SALE,6
TRX-00144,2026-09-04T08:16:00,P1003,Cartago,SALE,6
TRX-00145,2026-08-25T01:00:00,P2001,Heredia,RETURN,3
TRX-00146,2026-08-22T04:35:00,P1004,San Jose,RECEIPT,36
TRX-00147,2026-08-20T10:50:00,P4002,San Jose,SALE,8
TRX-00148,2026-08-30T20:15:00,P1002,Cartago,SALE,7
TRX-00149,2026-08-24T22:33:00,P4001,Cartago,SALE,8
TRX-00150,2026-08-15T10:22:00,P2003,Heredia,ADJUSTMENT,3
TRX-00151,2026-08-11T04:07:00,P3001,Heredia,SALE,5
TRX-00152,2026-08-09T12:13:00,P1004,Heredia,SALE,3
TRX-00153,2026-08-05T14:53:00,P3001,San Jose,SALE,5
TRX-00154,2026-08-14T05:00:00,P2001,Heredia,RECEIPT,21
TRX-00155,2026-09-11T21:03:00,P3002,Heredia,RECEIPT,12
TRX-00156,2026-08-28T13:55:00,P2001,Cartago,SALE,3
TRX-00157,2026-08-13T11:30:00,P1002,Cartago,RETURN,5
TRX-00158,2026-08-12T02:55:00,P3001,Cartago,SALE,1
TRX-00159,2026-08-22T07:04:00,P1002,Heredia,RETURN,4
TRX-00160,2026-08-07T16:51:00,P4001,Heredia,SALE,3
TRX-00161,2026-08-06T09:35:00,P2001,Cartago,RECEIPT,25
TRX-00162,2026-09-03T10:33:00,P3003,Cartago,SALE,4
TRX-00163,2026-09-07T00:37:00,P3001,Cartago,ADJUSTMENT,-1
TRX-00164,2026-08-27T08:47:00,P2001,San Jose,SALE,1
TRX-00165,2026-08-12T14:42:00,P4003,San Jose,RECEIPT,23
TRX-00166,2026-08-04T12:10:00,P1003,San Jose,RECEIPT,45
TRX-00167,2026-08-13T18:02:00,P2003,San Jose,SALE,8
TRX-00168,2026-08-04T08:43:00,P2001,San Jose,SALE,8
TRX-00169,2026-08-19T11:07:00,P5002,Heredia,SALE,4
TRX-00170,2026-09-05T14:09:00,P1004,San Jose,SALE,5
TRX-00171,2026-08-26T17:47:00,P1001,Heredia,RECEIPT,29
TRX-00172,2026-08-21T07:44:00,P5002,Cartago,SALE,2
TRX-00173,2026-08-22T16:34:00,P4002,Cartago,SALE,5
TRX-00174,2026-09-08T06:27:00,P3001,Heredia,RECEIPT,12
TRX-00175,2026-08-05T05:14:00,P2002,Heredia,SALE,1
TRX-00176,2026-09-10T21:01:00,P5001,Heredia,RETURN,5
TRX-00177,2026-09-02T21:48:00,P5001,San Jose,SALE,1
TRX-00178,2026-09-09T10:17:00,P3001,San Jose,SALE,8
TRX-00179,2026-09-11T16:05:00,P3003,Cartago,SALE,8
TRX-00180,2026-08-29T22:06:00,P2002,San Jose,SALE,6
TRX-00181,2026-08-13T15:42:00,P2002,Cartago,SALE,8
TRX-00182,2026-08-20T17:05:00,P5001,Cartago,SALE,1
TRX-00183,2026-09-07T05:32:00,P2001,San Jose,SALE,7
TRX-00184,2026-08-18T23:03:00,P4001,San Jose,RETURN,4
TRX-00185,2026-08-28T00:28:00,P3002,San Jose,SALE,8
TRX-00186,2026-09-09T21:18:00,P1004,Cartago,SALE,3
TRX-00187,2026-08-02T13:40:00,P5002,Heredia,SALE,2
TRX-00188,2026-08-14T14:35:00,P4003,San Jose,RECEIPT,20
TRX-00189,2026-09-06T05:58:00,P3002,San Jose,SALE,4
TRX-00190,2026-09-05T20:09:00,P3001,Cartago,ADJUSTMENT,5
TRX-00191,2026-08-19T01:53:00,P5002,Cartago,SALE,5
TRX-00192,2026-08-07T12:24:00,P3001,San Jose,RECEIPT,45
TRX-00193,2026-09-07T04:04:00,P5002,Cartago,SALE,3
TRX-00194,2026-08-15T20:59:00,P4003,Heredia,SALE,7
TRX-00195,2026-09-01T07:19:00,P2001,Heredia,RETURN,3
TRX-00196,2026-09-07T06:09:00,P3003,Cartago,ADJUSTMENT,2
TRX-00197,2026-08-24T21:48:00,P3002,Heredia,SALE,6
TRX-00198,2026-09-07T10:12:00,P2003,Heredia,SALE,6
TRX-00199,2026-09-06T20:49:00,P1004,Cartago,SALE,4
TRX-00200,2026-08-31T10:58:00,P1001,Cartago,SALE,8
TRX-00201,2026-08-07T19:31:00,P2003,San Jose,ADJUSTMENT,INVALID
TRX-00202,2026-09-07T10:06:00,P1003,Cartago,SALE,6
TRX-00203,2026-08-01T23:46:00,P1002,San Jose,SALE,8
TRX-00204,2026-08-04T12:30:00,P2003,Cartago,RETURN,2
TRX-00205,2026-08-29T01:05:00,P2002,Cartago,SALE,7
TRX-00206,2026-09-11T01:20:00,P5001,Heredia,SALE,7
TRX-00207,2026-09-07T13:34:00,P4002,San Jose,RETURN,4
TRX-00208,2026-08-30T12:58:00,P3003,Cartago,RECEIPT,50
TRX-00209,2026-08-05T12:48:00,P1004,Heredia,SALE,7
TRX-00210,2026-08-08T10:44:00,P4002,Cartago,RETURN,4
TRX-00211,2026-09-04T07:03:00,P5002,Cartago,RECEIPT,30
TRX-00212,2026-08-11T18:33:00,P2002,Cartago,SALE,3
TRX-00213,2026-08-08T14:11:00,P3003,San Jose,SALE,3
TRX-00214,2026-08-30T11:15:00,P3003,Cartago,RETURN,5
TRX-00215,2026-08-21T00:40:00,P5002,Cartago,SALE,4
TRX-00216,2026-09-08T16:51:00,P3001,Cartago,SALE,1
TRX-00217,2026-08-04T11:28:00,P5002,Cartago,SALE,3
TRX-00218,2026-08-30T18:16:00,P3003,Cartago,SALE,7
TRX-00219,2026-09-06T17:30:00,P5001,San Jose,SALE,7
TRX-00220,2026-08-25T20:18:00,P1004,Heredia,SALE,6
TRX-00221,2026-08-13T01:00:00,P2001,Heredia,RECEIPT,35
TRX-00222,2026-09-09T04:38:00,P5001,Heredia,SALE,1
TRX-00223,2026-09-03T10:51:00,P3001,San Jose,RETURN,3
TRX-00224,2026-08-28T11:12:00,P3003,Heredia,RETURN,2
TRX-00225,2026-08-28T03:06:00,P2001,Heredia,SALE,3
TRX-00226,2026-08-02T18:37:00,P4001,Cartago,RECEIPT,38
TRX-00227,2026-08-15T06:47:00,P4002,Cartago,RECEIPT,28
TRX-00228,2026-09-07T17:23:00,P1003,Heredia,RECEIPT,44
TRX-00229,2026-08-12T07:58:00,P3002,Cartago,ADJUSTMENT,-3
TRX-00230,2026-09-04T15:07:00,P4003,Cartago,SALE,6
TRX-00231,2026-09-07T00:43:00,P1002,Heredia,RECEIPT,24
TRX-00232,2026-08-16T22:05:00,P4001,Cartago,ADJUSTMENT,3
TRX-00233,2026-08-20T17:23:00,P1001,Heredia,SALE,2
TRX-00234,2026-09-05T10:40:00,P4002,Cartago,SALE,7
TRX-00235,2026-08-02T09:39:00,P1002,Heredia,SALE,8
TRX-00236,2026-08-28T23:04:00,P2002,Heredia,ADJUSTMENT,-2
TRX-00237,2026-08-29T00:26:00,P5001,San Jose,SALE,5
TRX-00238,2026-08-14T07:31:00,P1003,San Jose,RECEIPT,12
TRX-00239,2026-08-07T02:24:00,P1002,Cartago,RECEIPT,44
TRX-00240,2026-08-26T09:47:00,P2002,Heredia,SALE,7
TRX-00241,2026-09-05T21:31:00,P1003,Heredia,RETURN,1
TRX-00242,2026-08-02T17:44:00,P2003,Cartago,ADJUSTMENT,-1
TRX-00243,2026-09-06T19:23:00,P1004,San Jose,SALE,4
TRX-00244,2026-08-03T22:25:00,P4001,Cartago,SALE,6
TRX-00245,2026-08-05T05:42:00,P1004,San Jose,ADJUSTMENT,2
TRX-00246,2026-08-03T11:50:00,P4001,Cartago,SALE,1
TRX-00247,2026-08-10T02:04:00,P1004,Heredia,ADJUSTMENT,4
TRX-00248,2026-08-15T08:49:00,P1004,San Jose,SALE,4
TRX-00249,2026-08-13T03:54:00,P4003,San Jose,ADJUSTMENT,-5
TRX-00250,2026-08-06T00:42:00,P1003,San Jose,SALE,3
TRX-00251,2026-08-26T10:20:00,P1003,San Jose,RECEIPT,25
TRX-00252,2026-09-01T23:26:00,P1003,Heredia,SALE,3
TRX-00253,2026-08-20T11:49:00,P1002,Cartago,SALE,8
TRX-00254,2026-08-22T19:14:00,P3002,Heredia,SALE,8
TRX-00255,2026-08-20T21:41:00,P1001,San Jose,SALE,5
TRX-00256,2026-08-19T12:43:00,P1001,San Jose,ADJUSTMENT,1
TRX-00257,2026-08-04T11:57:00,P3001,San Jose,SALE,8
TRX-00258,2026-08-06T17:17:00,P2002,Heredia,SALE,2
TRX-00259,2026-08-17T14:38:00,P4001,Heredia,SALE,6
TRX-00260,2026-08-05T13:50:00,P2001,Heredia,SALE,7
TRX-00261,2026-09-01T02:55:00,P1002,San Jose,RETURN,5
TRX-00262,2026-08-18T23:21:00,P2003,Cartago,SALE,4
TRX-00263,2026-08-14T16:27:00,P2003,Cartago,SALE,2
TRX-00264,2026-08-30T15:59:00,P4001,Cartago,SALE,3
TRX-00265,2026-08-05T07:27:00,P1002,San Jose,RECEIPT,15
TRX-00266,2026-08-25T01:03:00,P4002,Heredia,SALE,3
TRX-00267,2026-08-18T20:22:00,P3002,Heredia,SALE,2
TRX-00268,2026-09-11T15:18:00,P4003,Heredia,SALE,1
TRX-00269,2026-08-07T22:42:00,P2001,Cartago,SALE,4
TRX-00270,2026-09-06T09:35:00,P1004,Cartago,RETURN,3
TRX-00271,2026-09-04T18:27:00,P1002,Heredia,SALE,4
TRX-00272,2026-08-30T03:41:00,P4003,Heredia,RETURN,5
TRX-00273,2026-08-02T13:11:00,P1001,Cartago,SALE,5
TRX-00274,2026-08-16T07:00:00,P4002,San Jose,SALE,6
TRX-00275,2026-08-04T07:09:00,P5001,Heredia,RECEIPT,35
TRX-00276,2026-09-02T04:33:00,P4001,San Jose,ADJUSTMENT,-4
TRX-00277,2026-08-08T01:23:00,P2003,Cartago,SALE,6
TRX-00278,2026-09-08T00:03:00,P4002,San Jose,SALE,2
TRX-00279,2026-08-30T02:05:00,P1003,Cartago,SALE,1
TRX-00280,2026-08-27T05:28:00,P3001,Cartago,SALE,8
TRX-00281,2026-08-06T04:22:00,P2001,Cartago,RECEIPT,42
TRX-00282,2026-08-23T19:42:00,P1002,Cartago,SALE,8
TRX-00283,2026-08-03T16:00:00,P1001,San Jose,RECEIPT,48
TRX-00284,2026-09-02T22:16:00,P2001,Cartago,ADJUSTMENT,-3
TRX-00285,2026-09-02T04:27:00,P2002,San Jose,RECEIPT,41
TRX-00286,2026-08-22T16:35:00,P1003,Heredia,SALE,4
TRX-00287,2026-09-07T02:47:00,P4003,San Jose,SALE,7
TRX-00288,2026-09-07T02:20:00,P2003,Heredia,RECEIPT,14
TRX-00289,2026-08-13T16:07:00,P2003,Cartago,SALE,7
TRX-00290,2026-09-04T12:39:00,P1001,Cartago,ADJUSTMENT,-3
TRX-00291,2026-08-05T02:27:00,P5001,San Jose,SALE,6
TRX-00292,2026-08-23T16:05:00,P1004,Cartago,SALE,7
TRX-00293,2026-08-10T18:21:00,P5001,San Jose,SALE,6
TRX-00294,2026-08-23T23:32:00,P1002,San Jose,SALE,2
TRX-00295,2026-09-01T08:52:00,P5002,Heredia,SALE,6
TRX-00296,2026-08-07T13:16:00,P5001,San Jose,RECEIPT,16
TRX-00297,2026-08-08T21:49:00,P1003,Heredia,SALE,2
TRX-00298,2026-08-30T09:59:00,P3001,Heredia,SALE,8
TRX-00299,2026-09-07T04:40:00,P4001,Cartago,SALE,6
TRX-00300,2026-08-20T04:40:00,P1003,Cartago,SALE,8
TRX-00301,2026-08-16T08:32:00,P4003,,SALE,1
TRX-00302,2026-08-03T18:23:00,P2001,Cartago,SALE,1
TRX-00303,2026-08-27T13:38:00,P1002,Heredia,SALE,2
TRX-00304,2026-08-20T12:58:00,P2003,Heredia,SALE,1
TRX-00305,2026-08-21T15:32:00,P4001,San Jose,RECEIPT,48
TRX-00306,2026-08-31T19:05:00,P1001,Heredia,SALE,6
TRX-00307,2026-08-31T12:28:00,P4001,Cartago,RECEIPT,25
TRX-00308,2026-08-16T20:23:00,P3002,Cartago,SALE,3
TRX-00309,2026-08-30T07:38:00,P2003,San Jose,SALE,6
TRX-00310,2026-08-04T03:21:00,P4003,San Jose,SALE,6
TRX-00311,2026-08-12T02:46:00,P3002,Heredia,SALE,5
TRX-00312,2026-08-15T13:05:00,P5002,Heredia,SALE,3
TRX-00313,2026-08-14T13:41:00,P4001,Heredia,RECEIPT,32
TRX-00314,2026-08-14T13:35:00,P4001,Cartago,SALE,2
TRX-00315,2026-08-29T22:44:00,P4001,Heredia,SALE,3
TRX-00316,2026-08-28T21:42:00,P4001,Cartago,ADJUSTMENT,-4
TRX-00317,2026-08-14T12:11:00,P3002,San Jose,SALE,6
TRX-00318,2026-08-09T12:14:00,P2002,San Jose,ADJUSTMENT,2
TRX-00319,2026-08-22T23:49:00,P1003,Heredia,RECEIPT,16
TRX-00320,2026-08-29T13:21:00,P5001,Heredia,SALE,1
TRX-00321,2026-08-08T06:11:00,P1003,Heredia,SALE,3
TRX-00322,2026-09-01T02:28:00,P4003,San Jose,SALE,3
TRX-00323,2026-09-11T16:28:00,P2003,Heredia,SALE,4
TRX-00324,2026-08-11T07:34:00,P2001,San Jose,SALE,8
TRX-00325,2026-09-08T21:53:00,P2001,San Jose,ADJUSTMENT,2
TRX-00326,2026-08-21T00:49:00,P2002,Cartago,SALE,8
TRX-00327,2026-09-11T13:10:00,P4003,San Jose,SALE,7
TRX-00328,2026-08-03T13:41:00,P4003,Cartago,SALE,5
TRX-00329,2026-08-31T16:54:00,P5001,Heredia,SALE,2
TRX-00330,2026-09-02T21:10:00,P5001,Cartago,RECEIPT,15
TRX-00331,2026-09-05T18:27:00,P3001,San Jose,ADJUSTMENT,-3
TRX-00332,2026-09-08T01:22:00,P5002,San Jose,RECEIPT,38
TRX-00333,2026-08-17T06:15:00,P2003,Cartago,RECEIPT,42
TRX-00334,2026-08-14T22:59:00,P1002,San Jose,SALE,1
TRX-00335,2026-09-04T02:09:00,P5001,San Jose,SALE,6
TRX-00336,2026-08-31T00:53:00,P1001,San Jose,SALE,8
TRX-00337,2026-08-27T14:00:00,P4003,San Jose,SALE,8
TRX-00338,2026-08-24T17:46:00,P1001,Heredia,SALE,3
TRX-00339,2026-08-11T11:19:00,P3002,San Jose,SALE,5
TRX-00340,2026-09-04T04:39:00,P1001,Cartago,RECEIPT,50
TRX-00341,2026-08-26T19:34:00,P1002,San Jose,RECEIPT,41
TRX-00342,2026-08-31T23:09:00,P4001,Cartago,SALE,4
TRX-00343,2026-08-11T14:36:00,P2003,Cartago,RECEIPT,32
TRX-00344,2026-08-23T16:23:00,P1003,San Jose,SALE,2
TRX-00345,2026-08-17T23:55:00,P3002,Cartago,SALE,1
TRX-00346,2026-08-12T03:47:00,P1001,San Jose,SALE,6
TRX-00347,2026-08-11T14:46:00,P2002,Heredia,SALE,6
TRX-00348,2026-09-01T16:48:00,P4001,Cartago,RECEIPT,47
TRX-00349,2026-08-15T18:52:00,P1003,Heredia,RECEIPT,44
TRX-00350,2026-08-31T00:30:00,P1003,Heredia,RETURN,4
TRX-00351,2026-08-31T21:49:00,P1003,Cartago,RETURN,1
TRX-00352,2026-09-04T02:12:00,P1001,San Jose,SALE,1
TRX-00353,2026-08-18T07:52:00,P2002,Heredia,ADJUSTMENT,3
TRX-00354,2026-08-13T12:22:00,P3001,San Jose,SALE,4
TRX-00355,2026-08-06T15:51:00,P5001,Cartago,SALE,5
TRX-00356,2026-09-08T12:24:00,P2003,Cartago,RETURN,4
TRX-00357,2026-08-17T00:59:00,P1003,Heredia,SALE,8
TRX-00358,2026-08-04T16:27:00,P2001,Heredia,RETURN,4
TRX-00359,2026-08-15T00:06:00,P5001,San Jose,RECEIPT,28
TRX-00360,2026-08-20T08:38:00,P2002,Heredia,SALE,5
TRX-00361,2026-08-16T07:28:00,P2003,San Jose,RECEIPT,38
TRX-00362,2026-08-27T13:27:00,P4002,Cartago,RETURN,3
TRX-00363,2026-08-04T12:42:00,P4001,Heredia,ADJUSTMENT,-5
TRX-00364,2026-09-10T23:01:00,P2003,San Jose,SALE,3
TRX-00365,2026-08-02T19:08:00,P5001,San Jose,SALE,8
TRX-00366,2026-08-16T18:24:00,P1004,Heredia,SALE,6
TRX-00367,2026-09-10T19:23:00,P1001,Cartago,SALE,8
TRX-00368,2026-08-23T22:23:00,P3001,Cartago,SALE,3
TRX-00369,2026-09-11T07:07:00,P2002,San Jose,SALE,4
TRX-00370,2026-08-17T20:58:00,P4002,Heredia,RECEIPT,43
TRX-00371,2026-08-31T08:28:00,P1002,San Jose,SALE,5
TRX-00372,2026-08-09T20:07:00,P3003,San Jose,SALE,8
TRX-00373,2026-09-08T16:45:00,P5001,Cartago,RECEIPT,21
TRX-00374,2026-08-29T19:22:00,P1002,Heredia,RETURN,3
TRX-00375,2026-09-08T08:19:00,P1002,San Jose,SALE,5
TRX-00376,2026-09-04T04:23:00,P4002,Heredia,SALE,3
TRX-00377,2026-09-04T03:08:00,P1004,San Jose,RECEIPT,22
TRX-00378,2026-08-24T23:36:00,P4003,Cartago,SALE,6
TRX-00379,2026-08-06T20:39:00,P3001,San Jose,RETURN,5
TRX-00380,2026-08-23T18:26:00,P1002,Cartago,SALE,8
TRX-00381,2026-09-11T19:20:00,P5001,Heredia,SALE,3
TRX-00382,2026-08-06T19:56:00,P1002,Heredia,SALE,6
TRX-00383,2026-08-19T19:32:00,P4001,San Jose,SALE,3
TRX-00384,2026-08-14T07:10:00,P5001,San Jose,RECEIPT,19
TRX-00385,2026-08-16T02:33:00,P2002,Cartago,ADJUSTMENT,-2
TRX-00386,2026-08-28T10:35:00,P5001,Cartago,RECEIPT,22
TRX-00387,2026-08-22T18:41:00,P1003,San Jose,SALE,2
TRX-00388,2026-08-08T15:42:00,P3003,Heredia,ADJUSTMENT,-3
TRX-00389,2026-09-06T06:59:00,P4002,Heredia,ADJUSTMENT,0
TRX-00390,2026-08-04T19:02:00,P1001,Heredia,RETURN,1
TRX-00391,2026-09-03T01:36:00,P4003,Cartago,SALE,4
TRX-00392,2026-09-08T06:40:00,P3003,Heredia,SALE,8
TRX-00393,2026-08-21T22:15:00,P2001,Heredia,SALE,5
TRX-00394,2026-08-30T17:03:00,P2003,San Jose,SALE,2
TRX-00395,2026-08-10T00:21:00,P3001,Heredia,SALE,8
TRX-00396,2026-09-01T15:55:00,P1003,Cartago,SALE,6
TRX-00397,2026-08-23T07:35:00,P2003,San Jose,RECEIPT,33
TRX-00398,2026-08-12T17:28:00,P2002,San Jose,RECEIPT,17
TRX-00399,2026-09-10T16:24:00,P1003,Heredia,RECEIPT,28
TRX-00400,2026-09-05T01:20:00,P2003,Heredia,RECEIPT,20
TRX-00401,2026-08-22T14:32:00,P4002,Cartago,UNKNOWN,3
TRX-00402,2026-08-02T07:05:00,P3001,Cartago,RETURN,4
TRX-00403,2026-08-10T12:37:00,P3002,Cartago,SALE,4
TRX-00404,2026-08-26T19:56:00,P1001,Heredia,RECEIPT,41
TRX-00405,2026-09-06T11:06:00,P4001,Cartago,SALE,1
TRX-00406,2026-09-02T22:25:00,P1003,Cartago,RETURN,3
TRX-00407,2026-08-16T19:35:00,P1001,Cartago,SALE,4
TRX-00408,2026-09-02T22:35:00,P1002,Cartago,SALE,8
TRX-00409,2026-08-27T09:07:00,P5001,San Jose,ADJUSTMENT,5
TRX-00410,2026-08-25T03:23:00,P1002,San Jose,SALE,6
TRX-00411,2026-08-22T16:02:00,P1004,San Jose,SALE,7
TRX-00412,2026-09-04T15:30:00,P1001,Heredia,RECEIPT,31
TRX-00413,2026-08-07T07:20:00,P3001,Heredia,RECEIPT,42
TRX-00414,2026-09-01T21:53:00,P2002,Cartago,RECEIPT,49
TRX-00415,2026-08-31T13:36:00,P3003,Cartago,SALE,8
TRX-00416,2026-08-15T11:43:00,P3001,San Jose,RETURN,3
TRX-00417,2026-08-26T19:30:00,P2003,Cartago,SALE,1
TRX-00418,2026-09-01T02:03:00,P4001,Heredia,SALE,4
TRX-00419,2026-09-01T02:39:00,P3001,Cartago,RECEIPT,50
TRX-00420,2026-08-02T16:36:00,P1003,Heredia,RETURN,2
TRX-00421,2026-08-14T17:26:00,P1002,San Jose,RECEIPT,38
TRX-00422,2026-08-22T17:49:00,P2003,Heredia,SALE,7
TRX-00423,2026-08-31T10:08:00,P5002,Heredia,SALE,1
TRX-00424,2026-08-23T18:24:00,P1004,Cartago,SALE,8
TRX-00425,2026-08-24T15:22:00,P1003,Heredia,SALE,6
TRX-00426,2026-08-27T08:30:00,P4003,San Jose,RETURN,3
TRX-00427,2026-08-10T22:19:00,P1004,Cartago,SALE,5
TRX-00428,2026-08-14T20:30:00,P4002,Cartago,RECEIPT,41
TRX-00429,2026-08-13T14:07:00,P3002,Heredia,ADJUSTMENT,-1
TRX-00430,2026-09-05T06:22:00,P4001,San Jose,SALE,7
TRX-00431,2026-08-16T02:59:00,P2001,Cartago,RECEIPT,15
TRX-00432,2026-08-10T11:12:00,P4001,Heredia,SALE,8
TRX-00433,2026-08-07T04:06:00,P2001,Heredia,ADJUSTMENT,-1
TRX-00434,2026-08-03T11:42:00,P4002,Heredia,SALE,4
TRX-00435,2026-08-05T14:26:00,P1004,Cartago,SALE,1
TRX-00436,2026-08-01T13:35:00,P4002,San Jose,SALE,3
TRX-00437,2026-08-21T16:41:00,P2003,San Jose,SALE,8
TRX-00438,2026-08-13T12:41:00,P4003,San Jose,ADJUSTMENT,0
TRX-00439,2026-08-24T03:47:00,P5002,Heredia,SALE,4
TRX-00440,2026-08-19T03:56:00,P5001,San Jose,ADJUSTMENT,-3
TRX-00441,2026-09-03T22:31:00,P5002,San Jose,ADJUSTMENT,1
TRX-00442,2026-09-07T17:02:00,P5002,San Jose,SALE,5
TRX-00443,2026-09-09T22:21:00,P2001,Cartago,SALE,2
TRX-00444,2026-08-23T16:31:00,P3001,San Jose,ADJUSTMENT,3
TRX-00445,2026-08-09T13:51:00,P5001,San Jose,SALE,5
TRX-00446,2026-08-28T23:16:00,P2002,Heredia,RECEIPT,39
TRX-00447,2026-09-04T01:18:00,P1003,Heredia,RECEIPT,31
TRX-00448,2026-08-27T09:54:00,P4001,Heredia,SALE,3
TRX-00449,2026-08-23T07:20:00,P5002,San Jose,SALE,7
TRX-00450,2026-08-07T07:30:00,P2003,Cartago,SALE,3
TRX-00451,2026-08-17T16:15:00,P5002,Cartago,RECEIPT,26
TRX-00452,2026-08-14T05:37:00,P4003,Heredia,SALE,6
TRX-00453,2026-08-30T21:15:00,P3003,San Jose,RECEIPT,33
TRX-00454,2026-08-08T03:25:00,P4001,Heredia,RECEIPT,29
TRX-00455,2026-08-30T18:07:00,P3002,Heredia,ADJUSTMENT,-1
TRX-00456,2026-08-27T13:14:00,P5002,San Jose,ADJUSTMENT,0
TRX-00457,2026-09-02T05:38:00,P1003,Cartago,SALE,8
TRX-00458,2026-09-02T15:34:00,P2003,Heredia,SALE,8
TRX-00459,2026-08-30T08:48:00,P5001,Heredia,RECEIPT,25
TRX-00460,2026-08-23T20:45:00,P5001,Cartago,SALE,8
TRX-00461,2026-08-03T23:53:00,P1002,Heredia,ADJUSTMENT,-4
TRX-00462,2026-08-08T08:20:00,P5002,Heredia,SALE,3
TRX-00463,2026-08-31T22:37:00,P3001,Cartago,RECEIPT,23
TRX-00464,2026-09-04T20:03:00,P1002,Cartago,RETURN,4
TRX-00465,2026-08-25T09:03:00,P1003,Heredia,SALE,8
TRX-00466,2026-09-01T04:01:00,P3001,Cartago,SALE,5
TRX-00467,2026-08-26T00:04:00,P2001,San Jose,RETURN,2
TRX-00468,2026-08-24T10:03:00,P2003,San Jose,SALE,2
TRX-00469,2026-08-18T18:11:00,P5002,San Jose,SALE,5
TRX-00470,2026-08-17T07:57:00,P4003,Cartago,SALE,7
TRX-00471,2026-08-17T08:05:00,P3001,Heredia,RETURN,4
TRX-00472,2026-08-29T05:55:00,P4001,Cartago,RETURN,2
TRX-00473,2026-08-18T02:33:00,P1002,San Jose,RECEIPT,44
TRX-00474,2026-09-02T14:01:00,P4002,Cartago,ADJUSTMENT,-5
TRX-00475,2026-08-24T00:24:00,P3001,San Jose,SALE,7
TRX-00476,2026-08-13T02:12:00,P1004,Heredia,SALE,3
TRX-00477,2026-08-27T13:49:00,P4003,San Jose,RECEIPT,36
TRX-00478,2026-08-26T16:02:00,P1004,Cartago,RECEIPT,16
TRX-00479,2026-08-11T18:47:00,P3003,San Jose,SALE,1
TRX-00480,2026-09-02T12:55:00,P2003,San Jose,SALE,4
TRX-00481,2026-08-11T07:52:00,P1003,Heredia,SALE,5
TRX-00482,2026-08-11T10:19:00,P3003,San Jose,SALE,6
TRX-00483,2026-08-14T03:17:00,P4001,San Jose,SALE,7
TRX-00484,2026-08-28T01:43:00,P3002,Cartago,ADJUSTMENT,-3
TRX-00485,2026-09-10T12:41:00,P3002,Heredia,SALE,6
TRX-00486,2026-08-31T01:26:00,P2003,Cartago,SALE,6
TRX-00487,2026-09-02T12:34:00,P1003,Cartago,SALE,3
TRX-00488,2026-09-06T22:45:00,P1004,San Jose,RETURN,3
TRX-00489,2026-08-25T07:26:00,P4003,Cartago,SALE,1
TRX-00490,2026-08-11T16:16:00,P3002,San Jose,SALE,7
TRX-00491,2026-09-06T11:23:00,P2002,San Jose,SALE,8
TRX-00492,2026-08-03T12:17:00,P3002,Cartago,SALE,4
TRX-00493,2026-09-07T14:04:00,P4001,San Jose,SALE,1
TRX-00494,2026-08-21T18:13:00,P4003,Cartago,SALE,4
TRX-00495,2026-08-10T08:59:00,P2001,San Jose,ADJUSTMENT,-5
TRX-00496,2026-09-09T08:15:00,P4002,Heredia,RECEIPT,40
TRX-00497,2026-09-09T09:15:00,P3003,Heredia,SALE,7
TRX-00498,2026-08-21T05:34:00,P2002,Heredia,SALE,7
TRX-00499,2026-08-23T05:56:00,P2002,Cartago,SALE,6
TRX-00500,2026-09-02T19:53:00,P3001,Cartago,RECEIPT,40
